tweet_id,created_at,text
1236027581679493122,Fri Mar 06 20:35:14 +0000 2020,"Fun activities for children of all ages - VINTAGE EASTER FOR CHILDREN: #Easter Cards, Customs, Games, Poems -
Create your own family traditions this holiday!
 https://t.co/9Opx1RtwUy https://t.co/YIfCdJAhsR"
1236027612343881728,Fri Mar 06 20:35:21 +0000 2020,"I met Uzi at this festival last year and bruh was like J.I.D I fw ur music, I like how u think, I was like, same bro, u talented as fuck, he said I know, I wake up as lil UZI everyday, but Iâ€™m just telling you u nice ğŸ˜‚ğŸ˜‚ @LILUZIVERT fina play dis EA"
1236027616974589952,Fri Mar 06 20:35:22 +0000 2020,@marie_bergeron A source of great inspiration. Both love and pain.
1236027621135220739,Fri Mar 06 20:35:23 +0000 2020,"so many beautiful women, my eyes are blessed daily"
1236027624767377409,Fri Mar 06 20:35:24 +0000 2020,"Iâ€™m learning..understanding rather, that life is short &amp; can be taken away instantaneously. LIVE while you can! Stop stressing whatâ€™s out of your control, chase your dreams/passions, LOVE, &amp; just stop waiting for moments/happiness to come. Create your own. NOW!ğŸ¥€"
1236027628777361408,Fri Mar 06 20:35:25 +0000 2020,I HAVE THE SAME BIRTHDAY AS CINNAMOROLL WHO COME I DIDNT KNOW THIS INFO I LOVE CINNAMOROLL ğŸ¥º
1236027649803378688,Fri Mar 06 20:35:30 +0000 2020,I fucking love football... our best 45 for ages #coyl ğŸ¦#NOFMIL
1236027654249250816,Fri Mar 06 20:35:31 +0000 2020,@zionlbssss im glad u can laugh at my sufferingğŸ˜­
1236027658242318336,Fri Mar 06 20:35:32 +0000 2020,music in itself: the taut ecstasy saturating their expressions https://t.co/aGhuTvGLiJ
1236027665624322048,Fri Mar 06 20:35:34 +0000 2020,Sandy nose after having lots of fun on the beach in Torquay today. Our gorgeous Millie a 5 month old westie #Crufts https://t.co/l4QXt6vqiZ
1236027667478011904,Fri Mar 06 20:35:34 +0000 2020,@Mee_Guel Haha currently no. Was saving them if I ever have a child but my nephew been rocking all my baby shoes
1236027707726708736,Fri Mar 06 20:35:44 +0000 2020,"Got 15 miles into the trip to Corinth and this happened. ğŸ˜Š I smiled. Satan is so silly. Alls I had to do was switch cars with Husband. ğŸ˜See you soon, Holly Baptist Church! #christianspeaker #womensministry #nottodaysatan https://t.co/K038R5R9un"
1236027738651324418,Fri Mar 06 20:35:51 +0000 2020,"A lot of ppl keep asking me why I wasnâ€™t at the Fenty Beauty event last night w/ Rih &amp; yâ€™all lol, I got to go last year ğŸ˜­. They invited all new people, which I give props to them for doing bc they gave a whole new group the same fun opp they gave the first group last year"
1236027759660417024,Fri Mar 06 20:35:56 +0000 2020,Im literally blessed to be a mom of 2 boys theyâ€™re so much fun!
1236027826303725568,Fri Mar 06 20:36:12 +0000 2020,@sierradeaton @sunseeds ur my baby and i miss u im@so glad u returned
1236027834709262341,Fri Mar 06 20:36:14 +0000 2020,"@NatureFoto_MO @MillerStream Southern pride, I would imagine. Youâ€™re not celebrating the Vietnam war or Jim Crow laws when you fly the US flag, right?"
1236027881114841088,Fri Mar 06 20:36:25 +0000 2020,Just imagine the child of Cole and Lili how beautiful he will be ğŸ¥º #Riverdale #sprousehart https://t.co/9b0awjWtj5
1236027881144414211,Fri Mar 06 20:36:25 +0000 2020,"You ever be lookin at your kid like .... My child is really gorgeous, I gotta make more ğŸ˜­ğŸ˜‚ğŸ˜‚"
1236027906133905409,Fri Mar 06 20:36:31 +0000 2020,"2 Years already!!!! Thank you for this musterpiece I keep listen to this song everyday!!
Thank you Hobi for your hard work, your inspiration, know you through your music is truly beautifulğŸ™ğŸ’œ

#2YearsWithAirplane

#ì œì´í™‰ #ë°©íƒ„ì†Œë…„ë‹¨ì œì´í™‰ #ë°©íƒ„ì œì´í™‰ #JHOPE https://t.co/7o5MpnPkjl"
1236027918415007744,Fri Mar 06 20:36:34 +0000 2020,"Every parent should understand basic #FirstAid and know child and baby #CPR, just in case. Find out what the @NHSuk says here: https://t.co/vZb6LYbUZI"
1236027960760516608,Fri Mar 06 20:36:44 +0000 2020,"i just have so much gratitude in my heart right now!!!! love u all ğŸ’– here's to the art and protest that is dragğŸ·

sa lahat po ng tumulong in a way or another my biggest thank you! sa mommies ko, sa buong @UPGEClub para ito sa inyo!!! drama ka ghORL MA'AM CHARO WHO"
1236027964833308674,Fri Mar 06 20:36:45 +0000 2020,"BTS silliness with @Mistress_Ming.
My OnlyFans has been a ghost town since I started it.. so Mingling and I worked our perfectly toned asses off all weekend in a $22 milli beach front condo to change that!
Content coming soon.
Sub now!! ^^^
-SM https://t.co/KJdOEqzgMf"
1236027973377155078,Fri Mar 06 20:36:47 +0000 2020,My Daughter's 1st Birthday Party ! Video is LIVE https://t.co/jXlhpi3Xyf https://t.co/utPdU9kRK5
1236027981623111680,Fri Mar 06 20:36:49 +0000 2020,Obsesion (No Es Amor) (Feat. Baby Bash) https://t.co/cMwHaJoDAX via @YouTube
1236028024170131458,Fri Mar 06 20:36:59 +0000 2020,but anyway I see Halsey on Sunday so let me regain my happiness a little bit pls bcos I love her
1236028077790187520,Fri Mar 06 20:37:12 +0000 2020,"""and xbox said people worried that they would keep upping the ante on corona and they couldn't fix beer 20 years ago and they could make basketball about anyone.."
1236028102981152773,Fri Mar 06 20:37:18 +0000 2020,"(RTğŸ’) AAAAwww the trio finally is complete!! Hanako-kun charms with glitter and holographic stars &lt;3

PO's are open until this 8th Marchâ™¥
https://t.co/im7Egwnieg https://t.co/c8iwy5z84s"
1236028132248911878,Fri Mar 06 20:37:25 +0000 2020,Markâ€™s pc message on the back ğŸ¥º â€œglad itâ€™s in ur hands much loveâ€ his smiley and tiny heart ğŸ˜­ https://t.co/LPelxEemV6
1236028157943308289,Fri Mar 06 20:37:31 +0000 2020,Iâ€™m so hype to see YoungBoy this monthğŸ˜­ if u know me u know how much I love that man music
1236028178302300160,Fri Mar 06 20:37:36 +0000 2020,Concept art Spinel is a baby I'm love herğŸ¥ºğŸ¥ºğŸ¥º https://t.co/GfUTqkQXqf
1236028208077656064,Fri Mar 06 20:37:43 +0000 2020,Armin van Buuren feat. Cindy Alma - Don't Want To Fight Love Away [HD] ASOT 639 https://t.co/impf2JSCK3
1236028253976047619,Fri Mar 06 20:37:54 +0000 2020,#LargePrint Books: A LIGHT LAST SEEN https://t.co/gob54p6dM1 BEACH RENTAL https://t.co/o3BPQSylfg BEACH WINDS https://t.co/KyHLyshCmY BEACH WEDDING https://t.co/AtZyo8Cgx7 CUB CREEK https://t.co/STlwbFPra6 KINCAID'S HOPE https://t.co/vNcyhkIhON @Grace_Greene https://t.co/WgcqZcPm8l
1236028270757502978,Fri Mar 06 20:37:58 +0000 2020,Who are your favourite fan artist ? Along with editors? I love seeing fan art and video edits of the boys ğŸ¥º so many talented ppl
1236028312964796417,Fri Mar 06 20:38:08 +0000 2020,"Forevers have a lot of fun and please give to the girls a lot of love ğŸ¥ºğŸ’•
#EVERGLOWinDALLAS #EVERGLOWinUSA @EVERGLOW_twt
https://t.co/pMag32SGix"
1236028330002051074,Fri Mar 06 20:38:12 +0000 2020,@KofiWolf @NUFUO_mu_IGP @estonia_borga @berl_laa @sharttyblakk @EmmyJArt @iBossy_Gh @Kaypoisson1 @AvornuKorku @josephinesacker @slykhurst7 This is art!!! This is beauty!!!
1236028371382996992,Fri Mar 06 20:38:22 +0000 2020,"Keytarin at Boobie Trap  coming soonâ 
â 
#perryfunny, #perrykurtz.com, #comedy, #funny Music, #improv music, #rapper, #freestyle, #Los Angeles, #perrykurtzcomedy https://t.co/dBra33NCRd https://t.co/c7dIVX47pH"
1236028383865249793,Fri Mar 06 20:38:25 +0000 2020,Years of happiness @Malmansr love you &lt;3
1236028388755656704,Fri Mar 06 20:38:26 +0000 2020,@bewheremickeyis Thank you!!! Glad you love them ğŸ’
1236028421685182465,Fri Mar 06 20:38:34 +0000 2020,"TW// nsfw

This thread is amusing but the art is done so well.."
1236028451250827264,Fri Mar 06 20:38:41 +0000 2020,"We'v adjusted the Pick-a-Prize completion target to 250 loot bags.
Lucky Charms 2020 #MWO 
https://t.co/yVzgCyYoOt https://t.co/a7RqDWfUG0"
1236028501616189453,Fri Mar 06 20:38:53 +0000 2020,happiest birthday @urrhayaaa i love you so muchh habebe ğŸ’“
1236028513083428865,Fri Mar 06 20:38:56 +0000 2020,Pre birthday climbing with my girls.. Love it.. @RockstarClimb https://t.co/17mcyeXvU6
1236028522898100225,Fri Mar 06 20:38:58 +0000 2020,"@OuamroucheH @chancetotravel @MuchMorocco @Visit_Morocco_ Thankyou, we love ğŸ’“ Morocco ğŸ‡²ğŸ‡¦ too. Iâ€™m glad to hear it ğŸ˜Š"
1236028534721781761,Fri Mar 06 20:39:01 +0000 2020,"Hello Twitter world ğŸ’ğŸ¼
A bit of the most beautiful music 
In the nature for our ears 
               ğŸ’Happy FridayğŸ’ 
       ğŸ¦ğŸ¥ğŸ¼ğŸ¦ğŸ¥ğŸ¶ğŸµğŸ’–ğŸ¼ğŸ’
          ğŸ’ğŸµğŸ¼ğŸ¶ https://t.co/q4NgGSNUGr"
1236028547732393984,Fri Mar 06 20:39:04 +0000 2020,since E.A. already dropped the only thing i want for my birthday is for baby pluto to notice meğŸ˜”ğŸ¥º@LILUZIVERT please
1236028552082067464,Fri Mar 06 20:39:05 +0000 2020,happiest birthday to the best thing that ever happened to me @urrhayaaa i love you endlessly â¤ï¸
1236028662677299200,Fri Mar 06 20:39:32 +0000 2020,"Jinyoung my youth lyrics hits home... so beautiful seriously ğŸ˜¢
#JINYOUNG 
#got7"
1236028669308497920,Fri Mar 06 20:39:33 +0000 2020,"I just want to say thank you, to Melania Trump for all of the hard work she puts in. She does so much charity and is treated horribly by the media. Please retweet. I would love for our @FLOTUS to see this and know how much we love her. #ThankYouMelania
https://t.co/ucsen9sXjf https://t.co/h8h8BeQGnC"
1236028669329620992,Fri Mar 06 20:39:33 +0000 2020,Lil baby love his homeboys boyğŸ¤¦ğŸ½â€â™€ï¸
1236028673532334085,Fri Mar 06 20:39:34 +0000 2020,i'm in love with their love https://t.co/vf3L9xUMrk
1236028681820094465,Fri Mar 06 20:39:36 +0000 2020,sheâ€™s about to have Rubin shaking ğŸ˜­ have fun beautiful! ğŸ’•
1236028682067750913,Fri Mar 06 20:39:36 +0000 2020,"This is Raya beer distributed in #Juba and other places. #Eritrean/s everywhere, please make sure to do all you can to ensure this beer sees no daylight anywhere. #TPLF is on its war mindset against the people of Eritrea https://t.co/44YiUwFAaA"
1236028681966858242,Fri Mar 06 20:39:36 +0000 2020,"This looks gorgeous, inky brushes forever. Love the music too."
1236028698538590208,Fri Mar 06 20:39:40 +0000 2020,Why is baby dino so baby https://t.co/PT9syLDkE4
1236028698731507713,Fri Mar 06 20:39:40 +0000 2020,"i cosplayed vflower again and had some fun editing my photos like the music video!! i love aoapp so muchğŸ’•ğŸ°ğŸ´
@GHOST_AND_PALS https://t.co/l5FrYTos3P"
1236028698756878339,Fri Mar 06 20:39:40 +0000 2020,@LILUZIVERT was it Uzi or Baby Pluto that said â€œtreating 2020 like â€œ2016â€ because if Baby Pluto said it that means youâ€™re dropping another project this year? ğŸ‘€
1236028715160735751,Fri Mar 06 20:39:44 +0000 2020,Glamour Luxury Destination Concierge on #Google https://t.co/6ptegyEgOb
1236028713323638784,Fri Mar 06 20:39:44 +0000 2020,"@lifejourney4two @TravelBugsWorld @carpediemeire @Adventuringgal @CancerRoadTrip @TooMuchToSee1 @kmf116 @StuckOntheGo @HHLifestyleTrav @beckyexploring @OfficialBoarder @LisaRivera2207 @FitLifeTravel @LiveaMemory @sl2016_sl @GoodLifeWithIQ @FettKeven @Isa_Ruiz78 @waynemoran_inc @fullvanfun @cesartraveler @TimoBeil_ @55bio @IsaLevyPrat @jmlpyt @LavaletteAstrid @tripletsfan19 @IreneWoodbury @DanWantsToTravl @EverydayOpera @TheMerryCrystal @datsyuklover @b_and_s_designs @OldeHippieDude @JetsettersFIyin @perthtravelers @TravelAtWill @BerkeleySqB @PackYourBagsOrg @Abfabtravels @beckworthandco I LOVE these ğŸ˜ğŸ˜ğŸ˜ particularly the baby elephant :) Here's some more from Africa - these are from Uganda :)
#FlashbackFridayz #wildlife hosts: @carpediemeire @Adventuringgal @TravelBugsWorld @CancerRoadTrip @TooMuchToSee1 https://t.co/DP1WnS4vvZ"
1236028723876503554,Fri Mar 06 20:39:46 +0000 2020,"Speed kills
But beauty lives forever
Speed thrills
But beauty knows your name 

The Smashing Pumpkins - Speed Kills https://t.co/tS9dSFXCgC via @YouTube"
1236028732281778176,Fri Mar 06 20:39:48 +0000 2020,My poor baby is sicky ğŸ¤’ with baby fever ğŸ¥µ
1236028732437147651,Fri Mar 06 20:39:48 +0000 2020,thank you for the birthday wishes and love. it means the world. xx
1236028736232919043,Fri Mar 06 20:39:49 +0000 2020,"ğŸ¦Œ to start off ur my sis mn day 1 I love you so much even though we have many arguments I still love ur bitchass and ur the only person I can relate to about our dumb shit and 5balna shay thany, atâ€™9ayg if weâ€™re ever distant because I just love u so fucking much and I miss u"
1236028740242755586,Fri Mar 06 20:39:50 +0000 2020,@melissamedinavo Her name is bear. :) And yes she's a monster! An adorable one but I still love her to bits!
1236028778544914432,Fri Mar 06 20:39:59 +0000 2020,"@MichaelDMoeller Thou shalt put date codes on thy beer, and not let out-of-date beer remain on the shelf."
1236028786820419590,Fri Mar 06 20:40:01 +0000 2020,"whoever has my voodoo doll, please hug it i need it"
1236028795334930434,Fri Mar 06 20:40:03 +0000 2020,I got so emotional watching Demiâ€™s new music video! I Love Me is definitely my new anthem! â¤ï¸ğŸ™ğŸ¼
1236028803576721408,Fri Mar 06 20:40:05 +0000 2020,@Josey_Joestar Love you too bro. But love or no love you still getting 2-0d next time we meet in bracket
1236028816147066888,Fri Mar 06 20:40:08 +0000 2020,"Toy Story 4 Basketball Set And Baby Alive Doll Opening
â–¸ https://t.co/8Q1otvQaFA

#Toys #Kids https://t.co/n5xF8EurLq"
1236028820244873216,Fri Mar 06 20:40:09 +0000 2020,"FOLLOW us and RETWEET for your chance to win a set of 100th Anniversary Baby Mugs!  #FreeMugFriday

Random winner will be selected on 3/9/20. U.S. residents only. https://t.co/svYfvvDwgW"
1236028824627879936,Fri Mar 06 20:40:10 +0000 2020,I just need a 7-day vacation at an all-inclusive resort on the beach to get my mind right.
1236028837210644480,Fri Mar 06 20:40:13 +0000 2020,@bazzi Thank you! So glad you noticed. I love new shoes!
1236028841497260033,Fri Mar 06 20:40:14 +0000 2020,Londonâ€™s lucky I love him because he threw ALL MY POLYNESIAN SAUCE AWAY before I ate my chick-fil-a ğŸ˜­ğŸ˜­
1236028853639766016,Fri Mar 06 20:40:17 +0000 2020,"@tinyhoneybun Better not by Louie the child
Body - loud luxury"
1236028853774098437,Fri Mar 06 20:40:17 +0000 2020,TwitterVideo: RT OregonZoo: Why is baby dino so baby https://t.co/zRE82mT508
1236028874624024577,Fri Mar 06 20:40:22 +0000 2020,@JoshuaAyeni9 @iamtunaco @_plexy No baby. Nothing is a waste my love ğŸ˜™
1236028878654758913,Fri Mar 06 20:40:23 +0000 2020,"Oh. My. Lort. Youâ€™ve all blown me away once again!! Eight minutes and GONE. I think you must love Fluorite as much as I do! ğŸ’œğŸ’™ğŸ’š
.
Thank each and every one of you for making Lunar Witch a huge success!
.
Do me a favor, thoughâ€” if youâ€™re one of the ladâ€¦ https://t.co/s7tSDYP3aa https://t.co/vU9brPQTjf"
1236028883016835072,Fri Mar 06 20:40:24 +0000 2020,@peetatosalad i love love love
1236028887437631488,Fri Mar 06 20:40:25 +0000 2020,"Go Feat Common &amp; D'Angelo I love the indignant look on anything but a diesel! Come and play game, but I play Coldplay"
1236028891682222080,Fri Mar 06 20:40:26 +0000 2020,"""Collect NICE TO MEET YOU BLACK6IX Album photo cards!""

Collect all 6 member photo cards and upload them to SNS to get a special gift!

#BLAC6IX #KPOP #ë¸”ë™ì‹ìŠ¤ #3RDANNIVERSARY #BLACK6IX_PHOTOEVENT #BLACKPEARL

How to Participate : : https://t.co/g2uAOfaZw2"
1236028904558809089,Fri Mar 06 20:40:29 +0000 2020,@Origamigryphon got me a baby batrito! The only baby Iâ€™ll ever have https://t.co/dlPacvyzyM
1236028933600141312,Fri Mar 06 20:40:36 +0000 2020,@nina_crossing @Ecco2k1Fan I love Animal Crossing nearly the same that I love you ğŸ¥ºğŸ¥ºğŸ¥º
1236028937312100354,Fri Mar 06 20:40:37 +0000 2020,"If Keita played the same number of minutes as Gini at his current output he'd be projected to create 12 Big Chances. 

If Keita played the same number of minutes as Hendo at his current output he'd be projected to create 10 Big Chances. 

A fit Keita is our best midfielder."
1236028961584529409,Fri Mar 06 20:40:43 +0000 2020,"Newborn Baby Girl Clothes Infant Baby Girl Sets Letter Romper, Flower Print Pants, Hairband Baby Girl Outfits.
$9.95 
https://t.co/lZMVXpkBp0 
https://t.co/AgwkOXl9vK https://t.co/V9OO21xQMk"
1236028975228407809,Fri Mar 06 20:40:46 +0000 2020,"Love the life you live,live the life you love."
1236028996199960576,Fri Mar 06 20:40:51 +0000 2020,"Always keep smiling,much love and happiness, We all #Asmians wish you all the best for your shining future. @TheRashamiDesai #AsimRiaz
#CongratsRashamiFor3M https://t.co/Uo4xVzhY48"
1236028996258861056,Fri Mar 06 20:40:51 +0000 2020,I LOVE YOU BABY PLUTO  I LOVE YOUUUU  @LILUZIVERT #ETERNALATAKE #babypluto #LilUzi #P2 https://t.co/K6ERDcPnfL
1236029004924084224,Fri Mar 06 20:40:53 +0000 2020,"(2/2) Baby Bangtan x Baby BT21: Maknae Line

#JIMIN #TAEHYUNG #JUNGKOOK #btsfanart https://t.co/DhOJXOf5ej"
1236029009080827904,Fri Mar 06 20:40:54 +0000 2020,@madisonbeer how was you birthday baby ?
1236029017230368768,Fri Mar 06 20:40:56 +0000 2020,"On a Blessed yet Sunny Friday, We still give Thanks to the Most High.
Alhamdulillah for Everything and Everyone.
Jumaâ€™ah Mufeedah ğŸ™ğŸ¾ https://t.co/PHMKfjOFhm"
1236029026101268487,Fri Mar 06 20:40:58 +0000 2020,"RT MELLOWCELLO1
I LOVE Mellow's piano music...I'm practicing a lot so I can play it:-)..why not give a listen?
https://t.co/uonIj5qbqG â€¦ â€¦ â€¦ https://t.co/jANTOhl3UZ"
1236029034297004034,Fri Mar 06 20:41:00 +0000 2020,"The music video for â€œI Love Meâ€ in Times Square, New York. #ILoveMeOutNow ğŸ’‹
 https://t.co/QzHa2lDKx1"
1236029038520659969,Fri Mar 06 20:41:01 +0000 2020,@Hollyoaks I love James Nightengale ğŸ™ŒğŸ™ŒğŸ™Œ. He deserves happiness ğŸ™ŒğŸ™ŒğŸ™Œ #Hollyoaks
1236029042803068928,Fri Mar 06 20:41:02 +0000 2020,"â€œMister is having fun, I know
Miss is beautiful
Both of them are alone
They only want to partyâ€"
1236029050847735822,Fri Mar 06 20:41:04 +0000 2020,"@MissVicki_17 Well than damn, if you want a free vacation I would love to take you Hahahahahahaha"
1236029051439124483,Fri Mar 06 20:41:04 +0000 2020,this after beach nap is gonna hit
1236029054911946753,Fri Mar 06 20:41:05 +0000 2020,@timhwang â€œno end of fun and amusementâ€ is exactly what we need right now
1236029059169206273,Fri Mar 06 20:41:06 +0000 2020,chilombo is a work of spiritual beauty. jhene manipulated her sound in a way that it naturally balances your internals from the get-go. music as it should be man.
1236029059148271616,Fri Mar 06 20:41:06 +0000 2020,"Everytime Iâ€™m in an environment where Iâ€™m not supposed to be laughing, Iâ€™m on twitter looking for something to laugh at smh"
1236029071693418497,Fri Mar 06 20:41:09 +0000 2020,Download Mobi Beach Bliss -&gt; https://t.co/iRSlnPdqHq
1236029076034510848,Fri Mar 06 20:41:10 +0000 2020,@dontashforme i just love it so much. itâ€™s my type of place. dallas/broken bow will always be my home but i would love it for like a year or so cause why not ğŸ¥º
1236029084871749632,Fri Mar 06 20:41:12 +0000 2020,8 years ago today BIGBANG's music video for 'Fantastic Baby' was released. https://t.co/9r9I5hAwK1
1236029088826974208,Fri Mar 06 20:41:13 +0000 2020,i love euphoria but my time is a freaking masterpiece jdjcjxbfbddh
1236029101334544386,Fri Mar 06 20:41:16 +0000 2020,"The ""Beauty and the Beast"" music video was released 3 years ago today
#ArianaGrande https://t.co/Q7zZ0VBWyH"
1236029105285591041,Fri Mar 06 20:41:17 +0000 2020,@shemalefritzie Lucky bugger that looks like fun ğŸ˜ğŸ’¦ğŸ’¦ğŸ’¦ğŸ’¦ğŸ’“ğŸ’“ xx
1236029109605666817,Fri Mar 06 20:41:18 +0000 2020,Iâ€™m absolutely blessed to know this legend...one of lifeâ€™s incredible people who will forever be an inspiration to me #NewChapter #LifesJourney
1236029114278121472,Fri Mar 06 20:41:19 +0000 2020,My love language is sending and receiving songs lol
1236029121940996097,Fri Mar 06 20:41:21 +0000 2020,"[lan wangji when heâ€™s drunk]

lwj, whispering to wwx: wei ying has no idea iâ€™m in love with him

wwx: y-you what?

lwj: oh sorry

lwj, whispering to the wall: wei ying has no idea iâ€™m in love with him"
1236029126412251137,Fri Mar 06 20:41:22 +0000 2020,New music and a beautiful day just does something for my energy ğŸ¤™ğŸ½
1236029147564191744,Fri Mar 06 20:41:27 +0000 2020,"She love me for my drive, I love her cause she drive me crazy"
1236029155784798214,Fri Mar 06 20:41:29 +0000 2020,Buy some gorgeous art!
1236029159635390465,Fri Mar 06 20:41:30 +0000 2020,@hhx37 No need beautiful w love you way more â¤ï¸
1236029164156682240,Fri Mar 06 20:41:31 +0000 2020,"Baby was having so much fun
https://t.co/bFPX90kD4B"
1236029164542734336,Fri Mar 06 20:41:31 +0000 2020,"@LILUZIVERT I figured this happened 
Glad you ok Baby Pluto"
1236029168665718784,Fri Mar 06 20:41:32 +0000 2020,When was the last time you did something just for yourself? Like opening up Photoshop to create something *you* want to create. ğŸ˜‰
1236029168757772288,Fri Mar 06 20:41:32 +0000 2020,@hazelrootslive My Love where art thow?
1236029177087832064,Fri Mar 06 20:41:34 +0000 2020,@anood_ammar I love u way more hobby â™¥ï¸
1236029185027641345,Fri Mar 06 20:41:36 +0000 2020,"I canâ€™t stop laughing, what an unexpected turn ğŸ˜­ğŸ¤£ https://t.co/fhVVeB6kFH"
1236029185187090432,Fri Mar 06 20:41:36 +0000 2020,"Sometimes, you don't have to think about it to like something.  So, no commentary on this one from me. It's beautiful, isn't it?

#art #streetart #animation #graffiti

https://t.co/FYD3bjaPZ7"
1236029213209178121,Fri Mar 06 20:41:43 +0000 2020,"Don't forget to download EZfare to purchase your bus pass and be entered into a drawing to win a Basketball SIGNED by K Love himself! 
For more details, head over to our website: https://t.co/hd7renUsZA 
To download our EZfare App, go to our EZFARE page: https://t.co/zMt669ullU https://t.co/5ngEkqa4QZ"
1236029218582081537,Fri Mar 06 20:41:44 +0000 2020,@timfatass oh i love his apple music playlists smh
1236029222948397057,Fri Mar 06 20:41:45 +0000 2020,"iâ€™m procrastinating taking a nap... itâ€™s bonkers, love"
1236029223241781248,Fri Mar 06 20:41:45 +0000 2020,@sexuaIdemetria love u too baby â¤ï¸
1236029248097394688,Fri Mar 06 20:41:51 +0000 2020,"ğŸ™‹ğŸ¾â€â™€ï¸#FridayFeeling #LoveSongs #FlashbackFriday â™« 
No Other Love Compares to HIS ""Love Amazing"" ğŸ§  
ğŸ¥ ""Beat Of The Drum"" Album ğŸ¥
by â˜†â˜† @MikeBoneMusic â˜†â˜† 
ğŸ’¯#MikeBoneNation Style ğŸ¤™ğŸ¾
https://t.co/DWLXQEz4Gm https://t.co/0mP3J4kgWG"
1236029252253827072,Fri Mar 06 20:41:52 +0000 2020,"@I_AM_SweetnSour ğŸ˜Š
music is beautiful. 
Brings people together. 
Memories are made and they lasts a lifetime"
1236029256502784001,Fri Mar 06 20:41:53 +0000 2020,"and another $DUSK update, I love these monthly dev updates! Also showing you the signs of success ;) #blockchain #sto"
1236029264702713856,Fri Mar 06 20:41:55 +0000 2020,How to make love to my boypussy. I bet your ex has never been as tight as Iâ€™ll be. Love how the head kisses the 2nd hole before diving in and impregnating.ğŸ¼ğŸ’¦ https://t.co/9iLogvMRkz
1236029281605582848,Fri Mar 06 20:41:59 +0000 2020,"@_TheJM_ @MarkRedbeliever @IAmJericho Because the definition of a mark is the victim/target of a con. A dupe. Itâ€™s silly to say you are a mark. If you love wrestling you are a fan. If you are/were entertained, then you werenâ€™t conned. You got what you paid for."
1236029285024124935,Fri Mar 06 20:42:00 +0000 2020,Scoring a Natural Hat ğŸ©ğŸ‡ğŸ¿Trick at â¦@TampaBayDownsFLâ© is Victor â¦@carrasco_racingâ© ( with his daughter in his arms) after Bunster goes wire to wire in Race 6! Runhappy Performance of the Day @GalleryRacing He is the Cousin of â¦@VictorJockeyâ© https://t.co/rfYVFJkSKh
1236029289579057152,Fri Mar 06 20:42:01 +0000 2020,happiest birthday @urrhayaaa I love you so much ğŸ’—ğŸ’—ğŸ’—
1236029302837088256,Fri Mar 06 20:42:04 +0000 2020,@LeslieLuMarie I almost squealed way too loud in the theater...Precious BABY!!!ğŸ’–ğŸ’–ğŸ’
1236029306792443904,Fri Mar 06 20:42:05 +0000 2020,I think if you can kiss someone itâ€™s love ....
1236029310051508224,Fri Mar 06 20:42:06 +0000 2020,"No thoughts. Head empty. Just this Danharu scene on loopâ¤â¤

But honestly this is so freaking adorable can we get more male leads that get flustered by their love interests?? https://t.co/Yh7Hp1UTXd"
1236029323620093952,Fri Mar 06 20:42:09 +0000 2020,"Boy, itâ€™s a marathon tonight. Back with part 2 of tonightâ€™s @WDFD_Records festival special in a few moments. Interviews on the way with @Hells_Addiction @4thLabyrinth #MadDog @TheHowlingTides @WhiteRavenDown @Theiafan and more. https://t.co/BL6KRWGRZr / tune. Pour a drink ! ğŸ˜ https://t.co/ESFL6pAEep"
1236029349096288257,Fri Mar 06 20:42:15 +0000 2020,"@Malaikaabutt5 @hinaparvezbutt Very Beautiful &amp; Gorgeous,,,,"
1236029377797926913,Fri Mar 06 20:42:22 +0000 2020,"Would you rather be able to jump into any video game, or be able to jump into any book?

#VideoGames #Books #FridayThoughts #FridayFeeling #PollsForFun #PickNClick"
1236029378032791552,Fri Mar 06 20:42:22 +0000 2020,happiest birthday gorgeous @MysticalSkies ğŸ’—
1236029378028544001,Fri Mar 06 20:42:22 +0000 2020,@milkingCOACH @justinyurmouthx @robemXXX This is beautiful milking that beautiful cock ğŸ‘€ğŸ¤©ğŸ¥°â¤ğŸ”¥ğŸ˜‹ğŸ’¦ğŸ’¦ğŸ‘…
1236029382243815432,Fri Mar 06 20:42:23 +0000 2020,I love love love to see what this man and @OfficialMr_West do with their phones. Mobile photography at its finest. Hats off to you gentlemen
1236029386454962176,Fri Mar 06 20:42:24 +0000 2020,If you playing â€œjoker joker duece dueceâ€ this game done dada
1236029390468919299,Fri Mar 06 20:42:25 +0000 2020,@KaraboTebedi Your skin looks like those beautiful stones that you can find that have these shapes and colors which make them beautiful
1236029398916136961,Fri Mar 06 20:42:27 +0000 2020,"Euros, summer and beer garden is what Iâ€™m absolutely gagging for"
1236029403068592129,Fri Mar 06 20:42:28 +0000 2020,@GrizUo Anyone can file a FOIA request.  Regular people can do it too.  There's no need to have any special qualifications or use any fancy legalese when submitting a request.
1236029407053086721,Fri Mar 06 20:42:29 +0000 2020,@majornelson @XboxGamePass #freecodefridaycontest love that Xbox game studio titles come to @XboxGamePass on day 1. Saying that I love Gears of War 5!!! Sorry Gears 5!!! @GearsofWar @CoalitionGears
1236029407363358721,Fri Mar 06 20:42:29 +0000 2020,Your BABY GIRL having a BIRTHDAY?   These PINK PARTY NAPKINS are the cutest cuz they've got her PHOTO in the middle.  FIFTY PERCENT OFF w/code PARTYPLANZAZ! https://t.co/1izTYbp6it @zazzle #babygirlbirthday #girlbirthday #babybirthday #birthdayaccessories #partyaccessories
1236029415705976834,Fri Mar 06 20:42:31 +0000 2020,its a beautiful for music
1236029420265181189,Fri Mar 06 20:42:32 +0000 2020,army's have donated almost ~half a million dollars~ to help fight coronavirus in the name of the band they love. tell me again fandom is just for silly girls
1236029445149995009,Fri Mar 06 20:42:38 +0000 2020,Fuckin itching for beer garden weather
1236029457728704514,Fri Mar 06 20:42:41 +0000 2020,@whitewinery St. Basil's is beautiful. Orthodox have some beautiful cathedrals - like this: https://t.co/HAa2emZhCc
1236029462157942784,Fri Mar 06 20:42:42 +0000 2020,i love ashtons drum videos so much im glad hes posting more
1236029470542385155,Fri Mar 06 20:42:44 +0000 2020,"baby, you're the inspiration for this precious song and i just wanna see your face light up since you put me on."
1236029470319968257,Fri Mar 06 20:42:44 +0000 2020,"@ateez_stan_ I send more love to you than I love myself ğŸ’–
:) https://t.co/m33dChIebX"
1236029474485030912,Fri Mar 06 20:42:45 +0000 2020,@madythatbaddie_ @sirakttoille Love the laughing seagull at the end
1236029478872264704,Fri Mar 06 20:42:46 +0000 2020,"Love what you have, before life teaches you to love what you lost"
1236029481707585537,Fri Mar 06 20:42:47 +0000 2020,Do you know someone who would love GayBingeTV? Rainbow GIFT them a subscription today to the streaming service for those who live their #Pride 24/7! SHOP NOW: https://t.co/5VpuYcP9lT #Gay #LGBT #GayMan https://t.co/l2jPxybsGz
1236029486870773760,Fri Mar 06 20:42:48 +0000 2020,McCoy Tyner died today. Thank you for the music you gave me and the world. What a gift.
1236029491505434625,Fri Mar 06 20:42:49 +0000 2020,"#ì•„ë¯¸ëŠ”ê³ ë§ˆì›Œìš”
Thank you K-army ğŸ’ for your love 
and your support to @BTS_twt 
##Frarmy ğŸ‡¨ğŸ‡µ love you.ğŸ’œ https://t.co/tJx6u9wgTx"
1236029503056408576,Fri Mar 06 20:42:52 +0000 2020,Beautiful from our garden. @FoxNews @greggutfeld @TheFive @DanaPerino @GeraldoRivera @seanhannity @SteveDoocy @kilmeade @FoxFriendsFirst @GovMikeHuckabee @mcuban @LasOlasBlvd @IngrahamAngle @w_terrence https://t.co/NKM5mhWqSa
1236029508131721217,Fri Mar 06 20:42:53 +0000 2020,"ğŸ¥³Going to giveway this beautiful awp for someone!ğŸ˜

âœ… Follow Me! @Rock1nG_
 
âœ…Retweet &amp; Like this post!

âœ…Tag 2 people from your friends!

Gonna roll the winner next Friday! GL Everyone! ğŸ’ª https://t.co/JkpuhZzfzN"
1236029512091123714,Fri Mar 06 20:42:54 +0000 2020,We litterally celebrated pride a week agoğŸ˜”ğŸ’”
1236029512384679938,Fri Mar 06 20:42:54 +0000 2020,"Mkit is a whole beautiful family, i love themâ¤ï¸â¤ï¸â¤ï¸â¤ï¸â¤ï¸"
1236029524950822913,Fri Mar 06 20:42:57 +0000 2020,@RealJamesWoods Let us not forget the young college student who was stabbed just outside of her campus by 3 young boys (if memory serves)..: right in beautiful NYC.
1236029525147910146,Fri Mar 06 20:42:57 +0000 2020,"Here is a Mic

Say something nice to your Baby Daddy.
Say something nice to your Baby Mama https://t.co/0806jzcH4e"
1236029529019183104,Fri Mar 06 20:42:58 +0000 2020,"I'm so lucky I get to come to work every day and collaborate with such an awesome group of smart, fun and supportive people! &lt;3"
1236029545657954304,Fri Mar 06 20:43:02 +0000 2020,I had so much fun with @marcrosexxx  I love it when he fucks meğŸ˜ https://t.co/LqW2QCwwku
1236029578973523975,Fri Mar 06 20:43:10 +0000 2020,"The Adventure Begins! Coffee Mat, Dish Drying Mat, Dish Mat, Beach Decor, Lake Decor, Camping, Tropical, Personalized. https://t.co/zfqp1uz91S  Handmade #pottiteam RV Accessories, RV Decor, Trailer Decor
#love https://t.co/IH7DK3ClYZ"
1236029587412447233,Fri Mar 06 20:43:12 +0000 2020,"Best manager to ever exist. Best business man. Don't we love him and so thankful for the way he helped Justin through? LEGEND
@justinbieber @DanAndShay 
#10000Hours #BestLyrics #iHeartAwards"
1236029596115570692,Fri Mar 06 20:43:14 +0000 2020,Twirling into the weekend like....ğŸ‘— âœ¨ ğŸ­ Today is #NationalDressDay and we're celebrating with our Cast Members at The Dress Shop at Marketplace Co-Op where whimsical fashions come with a Disney twist! #ShopDisneySprings https://t.co/r2kh1bdS9c
1236029596384010242,Fri Mar 06 20:43:14 +0000 2020,"@AdamBoughtwood Electric guitar..but soon realised I liked the bass..
love the reds x"
1236029600209256450,Fri Mar 06 20:43:15 +0000 2020,Already following and love your books and tweets!!  Kids love your books too!
1236029608765591552,Fri Mar 06 20:43:17 +0000 2020,I love all TikToks but my favorites have to be the ones making fun of the Astros
1236029613110743040,Fri Mar 06 20:43:18 +0000 2020,I so so so so love this art so much!
1236029613207412737,Fri Mar 06 20:43:18 +0000 2020,this is me when i see my beautiful sunshine @hayleymullinax ğŸ¥°ğŸ§¡ğŸ’›ğŸŒ»â˜€ï¸
1236029629695172608,Fri Mar 06 20:43:22 +0000 2020,i love love love her dress at the rome film festival ğŸ’• https://t.co/VTjvhlKSXY
1236029646392655875,Fri Mar 06 20:43:26 +0000 2020,"https://t.co/hb5iN9Hzvp

RT if youd love to be helping with this oily massage? 

https://t.co/KIc5qb3Uab

@boyzspace @hotmalestuds @otavio692x @joto_ddiamantes @alejandrocasdan @espetokriok @pornstarbr @man_by_man @Sigilo_cwb @DotadaoPaulista @new_gaywanking"
1236029650679324678,Fri Mar 06 20:43:27 +0000 2020,@FotoDigitalArt @NHS_Martin @citra1960 To love Carling is to love Britain.
1236029654793781253,Fri Mar 06 20:43:28 +0000 2020,"A lot of people did a tremendous amount of beautiful work to make this Maggie Simpson short ""Playdate With Destiny"" possible.  I'm so pleased that it is accompanying PIXAR's ""Onward"" - a situation I could never have imagined when we started. https://t.co/nb9SBQpjBL"
1236029671910694912,Fri Mar 06 20:43:32 +0000 2020,"A beautiful day at the lake in Oakland, Ca. Love summer days https://t.co/hFQTY4fh4Z"
1236029671923277824,Fri Mar 06 20:43:32 +0000 2020,I love this app for saving on gas. I've gotten $10 so far. My code YDE29 gets us both a 15Â¢/gal bonus: https://t.co/vrblwGKa6z
1236029684045012992,Fri Mar 06 20:43:35 +0000 2020,Blessed my timeline GORGEOUS
1236029688570671107,Fri Mar 06 20:43:36 +0000 2020,For the love of Love..............
1236029709328109568,Fri Mar 06 20:43:41 +0000 2020,@lordvarenpants not yet - got it for $3 on Xbox and feel back in love w/ it - I'd love to have it on PC to play w/ other friendos
1236029713619054593,Fri Mar 06 20:43:42 +0000 2020,@emma_norris91 But what fun it would be! I used to love Crufts. My mum would just drop me off at Discover Dogs and come back for me in a couple of hours! ğŸ¤£
1236029722200600577,Fri Mar 06 20:43:44 +0000 2020,"I CAN'T HELP IT BUT LOVE SAIFAH AND OF COURSE LOVE JIMMY TOO â¤â¤â¤â¤
Just look at him, it's so precious 
#WHYRUep7 https://t.co/LMwKV9QDsk"
1236029730714943490,Fri Mar 06 20:43:46 +0000 2020,"So my Grandpa passed away just now &amp; he seemed fine after he dropped me off at work 4 hours ago so, please say I love you to your love ones since you really never fucking know they could be gone. Muchos Gracias Abuelo Fernando ğŸ™ğŸ½ğŸ–¤ğŸ’¯ https://t.co/Ka1SLyaBdZ"
1236029734338867201,Fri Mar 06 20:43:47 +0000 2020,"@gattles18plus Oh fuck ğŸ’– i love mechanic womens, and shortstacks, what a great comic, already a masterpiece ğŸ‘ŒğŸ¼ https://t.co/4VdSAw5ikn"
1236029734695374863,Fri Mar 06 20:43:47 +0000 2020,@lektai50 @OlafusiBrieff Coming of the baby - the baby gets welcome gift. ğŸ‘¼
1236029738730295296,Fri Mar 06 20:43:48 +0000 2020,"""When I think of Sisterly Love I think of how much I have grown as a person through the people I have met here.â€
Philly shows public-art love to the city's sisters.
https://t.co/6TrCS40pYX"
1236029901154783233,Fri Mar 06 20:44:27 +0000 2020,@Cariboobs So adorable would love have that caribou chest between my face hehe ğŸ˜œ
1236029919160922112,Fri Mar 06 20:44:31 +0000 2020,i am the child of smrtdeath and baby goth
1236029928157646848,Fri Mar 06 20:44:33 +0000 2020,@ondreazlopez Love you baby ğŸ˜­
1236029928153509888,Fri Mar 06 20:44:33 +0000 2020,We love how Reddit user u/mrWayneCarnage reminds us how beautiful nature can be! https://t.co/do58rhquBK
1236029948273528839,Fri Mar 06 20:44:38 +0000 2020,"@GraceEveArt Thank YOU!! You dropped it under one of my art threads and Iâ€™m in love, plus I just moved to a new place so I need that energy. Just waiting on the funds ğŸ‘ŒğŸ‘Œ"
1236029953789112321,Fri Mar 06 20:44:39 +0000 2020,"@atrupar â€œWe have the most beautiful quarantines, really beautiful. Many people say they are the greatest quarantines in the world. Really the best. They are like resorts, with less people. Make America Quarantined Again! MAQA!â€"
1236029962156756999,Fri Mar 06 20:44:41 +0000 2020,"Just interviewed @DJZinhle and her beautiful daughter Kairo Forbes on their way to the conference hall. ğŸ˜ğŸ˜ğŸ˜
#LWS2020KZN 
#ForbesAfricawomen https://t.co/11JsTWxd3J"
1236029969429663745,Fri Mar 06 20:44:43 +0000 2020,I want a massage for my birthday
1236029968804536320,Fri Mar 06 20:44:43 +0000 2020,"The beauty of SwitzerlandğŸ˜ğŸŒºğŸŒ¸ğŸŒ¹

#via The beauty of Nature https://t.co/YYptHwd9QS"
1236029982314565633,Fri Mar 06 20:44:46 +0000 2020,It was so heartbreaking ! The love that the young girl had for him. ( makes me want to reach for my own â€œ medicine â€œ .
1236030011490078726,Fri Mar 06 20:44:53 +0000 2020,"#ì•„ë¯¸ëŠ”ê³ ë§ˆì›Œìš” thank you k-armys, is Nice and so beautiful to see this tipe of support and love even in different countries, continents, I'm pleased, we're family ğŸ˜‡ğŸ˜˜ğŸ˜Š
@BTS_twt UGH UGH UGH UGH #iHeartAwards hey na na na  #BestFanArmy oh my my my #BTSArmy la la la la"
1236030011691286529,Fri Mar 06 20:44:53 +0000 2020,"2 years with my forever. I canâ€™t imagine my life w out you, I love you so much baby. ğŸ’œ https://t.co/EClxj13ziE"
1236030015734599680,Fri Mar 06 20:44:54 +0000 2020,"yeah, women are beautiful. but counterpoint: they are also gorgeous. now take a moment to digest that"
1236030032998326272,Fri Mar 06 20:44:58 +0000 2020,@tomboysanyu Dude I love your art
1236030039763927040,Fri Mar 06 20:45:00 +0000 2020,#BuenosDÃ­asATodos #FelizMiercoles #RT @BeautyWo12 @sojtulakk2015 @tsexiestgallery @bigtitmafia @BABESMX @itslatinotimeto @Dreiko68118047 @koerperkontakt @dixonblonde @Gals_Nude @jtmagill @pornagotchi @jei501 @PSBabes_  @FicasBeach #beautiful #Beauty #BoobsOfTheDay #AdultWork sexy https://t.co/aG1vlgjghS
1236030041118531584,Fri Mar 06 20:45:00 +0000 2020,"@archangelcrew @LightingFlashes The faces of love, baby! ğŸ‰ğŸ»"
1236030066439540736,Fri Mar 06 20:45:06 +0000 2020,"Look. Tom did *not* have to go that hard for this silly fun show. But he's a *delight* so of COURSE he did anyway!!!

And if I ever don't retweet this when it comes across my feed, pls know I've been kidnapped. ğŸ˜"
1236030070512209920,Fri Mar 06 20:45:07 +0000 2020,"#WHYRUep7 the kiss between @Saint_sup and @zee_pruk is art, I am in love with this scene"
1236030077508481027,Fri Mar 06 20:45:09 +0000 2020,House of Earth and Blood is gorgeous. I cannot wait for the others to be as beautiful https://t.co/f9c23zkZEq
1236030091232239616,Fri Mar 06 20:45:12 +0000 2020,@LoisHornsbyMS 7th and 8th grade boysâ€™ basketball teams celebrating an outstanding season! #SOARingHawks https://t.co/J5fPzlls1a
1236030095179100161,Fri Mar 06 20:45:13 +0000 2020,This book is a lot of fun and I particularly love how much fun @HassanOE is having with the lettering ğŸ”¥
1236030099406958593,Fri Mar 06 20:45:14 +0000 2020,#atlusfaithful Our beautiful and wonderfully talented Persona cosplay group at Pax East from last weekend â¤ï¸ https://t.co/SuMsbapETa
1236030106973417474,Fri Mar 06 20:45:16 +0000 2020,"#lauvxbts 
@BTS_twt ğŸ‡®ğŸ‡¹
ğŸ’šğŸ’™ğŸ’›â™¥ï¸ğŸ§¡ğŸ’œâ¤ BEAUTIFUL SONG !!!!!
JK &amp; CHIM CHIM OUTSTANDING. https://t.co/ubwm5tB0kt"
1236030111939428353,Fri Mar 06 20:45:17 +0000 2020,"So many of yal are quoting this saying ""relatable"" or ""this was me"" and that's also heart breaking. Yal are beautiful. WE are beautiful. Let us allow NO ONE to tell us otherwise. I charge us to reach out and remind each other of this more often. We gotta love us frfr ğŸ–¤"
1236030116330975232,Fri Mar 06 20:45:18 +0000 2020,Create new memories in this beautiful home.  #homesforsale  https://t.co/CfHu7NAdKI https://t.co/li5dQ9eGiO
1236030128674590720,Fri Mar 06 20:45:21 +0000 2020,"Tonight, @GuyFieri is rolling into Vermont for legit dumplings and beautiful music at Hong's Chinese Dumplings on a new #DDD at 9|8c! https://t.co/O98GhFDnIB"
1236030128771170306,Fri Mar 06 20:45:21 +0000 2020,Lift that beautiful baby up ğŸ¥°ğŸ¥°
1236030130155401218,Fri Mar 06 20:45:22 +0000 2020,We love books almost as much as we love VWâ€™s.
1236030133523410949,Fri Mar 06 20:45:22 +0000 2020,"People that simply upload adorable animal videos with no stupidly loud, chirpy, annoying, stock/pop music put over it. 

You people are the best.ğŸ‘Œ"
1236030145569439750,Fri Mar 06 20:45:25 +0000 2020,I like when guys are shy like come here so I can give you a kiss baby boy
1236030145913217024,Fri Mar 06 20:45:25 +0000 2020,how fenty beauty changed the beauty industry... https://t.co/bukQtESw6D via @YouTube https://t.co/uoDYFlLix7
1236030155275087873,Fri Mar 06 20:45:28 +0000 2020,"@stonerockj @HotepJesus No Armenian beauty there, she's a Jenner (Bruce's daughter) not a Kardashian"
1236030166662512640,Fri Mar 06 20:45:30 +0000 2020,"@snigskitchen @KhurrumRahman I'd still be sharing pictures of the cat, the garden and a beer. 
But same reasons.
I do not like my country more insane than me."
1236030178435842048,Fri Mar 06 20:45:33 +0000 2020,"Big girl is a year old, about 3.5 pounds now. I love this baby sooo much https://t.co/Vdf9kHp8Mg"
1236030191597740035,Fri Mar 06 20:45:36 +0000 2020,Happy Birthday Silly Face Selfie @USD303 https://t.co/59BaTo6vSz
1236030195821424644,Fri Mar 06 20:45:37 +0000 2020,I'm crying so hard look at my baby LOOK AT MY BABY https://t.co/9DEBqsXAB3
1236030221255503872,Fri Mar 06 20:45:43 +0000 2020,@kathygriffin @FirstDogBailey @ewarren @maddow @ewarren Thank you for your hard fought campaign. I cried during your interview w @maddow  for what we DID accomplish &amp; what has yet to be....But we all know this fight is no where close to being over! And thank you for sharing Bailey with us. Love u bothâ¤ï¸
1236030234073485313,Fri Mar 06 20:45:46 +0000 2020,#BuenosDÃ­asATodos #FelizMiercoles #RT @BeautyWo12 @sojtulakk2015 @tsexiestgallery @bigtitmafia @BABESMX @itslatinotimeto @Dreiko68118047 @koerperkontakt @dixonblonde @Gals_Nude @jtmagill @pornagotchi @jei501 @PSBabes_  @FicasBeach #beautiful #Beauty #BoobsOfTheDay #AdultWork sexy https://t.co/aG1vlgjghS
1236030246572437504,Fri Mar 06 20:45:49 +0000 2020,"With all the negativity in the world I need a desperate houses marathon, love the beautiful yet sassy Gabrielle Solis aka @EvaLongoria ğŸ’ğŸ½â€â™€ï¸"
1236030250410270720,Fri Mar 06 20:45:50 +0000 2020,@peachyfilter YOURE SO GORGEOUS BABY
1236030271964753923,Fri Mar 06 20:45:55 +0000 2020,@Taniacook He is so freaking beautiful Iâ€™m so glad he is one of my biases ğŸ˜­
1236030280705568769,Fri Mar 06 20:45:57 +0000 2020,@aflwomens @MichaelCWillson Congratulations! Such an outstanding image that represents the beauty of the sport of AFL!
1236030297159892993,Fri Mar 06 20:46:01 +0000 2020,Off to France this Summer? Check out our tips for visiting the beautiful Mont St Michel with kids! It's so beautiful - not to be missed! #familydaysout #familytravel #familytravelblogger @normandy https://t.co/ZKKNZz1bmj https://t.co/9ry5ONexZq
1236030313165357062,Fri Mar 06 20:46:05 +0000 2020,"@toulousianaa nicki and madison beer, i also love selena and taylor but idk if i stan"
1236030326327128064,Fri Mar 06 20:46:08 +0000 2020,"Beautiful, it's just so beautiful... WELL DONE K-DIAMONDS ğŸ’ğŸ’œ, thank you for all your hard work. We really love you #ì•„ë¯¸ëŠ”ê³ ë§ˆì›Œìš” https://t.co/qobho8fOa2"
1236030334950674434,Fri Mar 06 20:46:10 +0000 2020,"My baby ğŸ¦” and my big baby ğŸ¦ ... ğŸ¥ºâ¤
#skamfrance https://t.co/fbMZLDqcFS"
1236030342567354368,Fri Mar 06 20:46:12 +0000 2020,"Let's FLIP Together De talii â¤ï¸
Such a Beautiful Soul alw Love #ShehnaazGill 
@Shehnazgill123 
She always brings Positivity  https://t.co/XxOWorRtJy"
1236030363966803975,Fri Mar 06 20:46:17 +0000 2020,I love Iykes ex ğŸ”¥ğŸ˜Šâ™¥ï¸ Sheâ€™s beautiful and has a VibeğŸ‘ğŸ‘ğŸ‘ #ULTIMATELOVENG
1236030364625190912,Fri Mar 06 20:46:17 +0000 2020,Why arenâ€™t people stocking up on beer? Like seriously if we are apparently going to be shut off to the world for two weeks and stuck at home - id want all the beer I could get my hands on!
1236030372174893056,Fri Mar 06 20:46:19 +0000 2020,@mayor_helouise So adorable ahhh my baby just turned 6 months old ğŸ’•ğŸ’• Such a fun stage!!
1236030376340054019,Fri Mar 06 20:46:20 +0000 2020,So... Yâ€™all just gone add baby hairs on every hairstyle like itâ€™s parsley ? ğŸ™„ğŸ¤¦ğŸ¿â€â™€ï¸ Mind ya business bitch!! It make it look more elegant! ğŸ¥´ğŸ˜©ğŸ˜‚ğŸ˜‚ğŸ˜­ğŸ˜­
1236030377099223040,Fri Mar 06 20:46:20 +0000 2020,@nikaiiix3 @cult_of_rezz @CampNowhereTX Yoooo Iâ€™m in Austin too ğŸ¥º would love to meet you beautiful souls ğŸ’•
1236030381301919749,Fri Mar 06 20:46:21 +0000 2020,"@Mish_in_London I love street art like this, great find."
1236030385533767681,Fri Mar 06 20:46:22 +0000 2020,"@MysterySolvent He stood in El Paso beaming with the baby whom lost both parents.
Who does that?"
1236030397097684995,Fri Mar 06 20:46:25 +0000 2020,beautiful gorgeous
1236030397038747648,Fri Mar 06 20:46:25 +0000 2020,"I care about you baby, baby, more than you'll ever know

 https://t.co/BNFntWHPAx"
1236030398221737986,Fri Mar 06 20:46:25 +0000 2020,@witchytwitchytv Awhh poor baby. I'm glad she's being properly cared for now ğŸ˜Š
1236030430010380289,Fri Mar 06 20:46:33 +0000 2020,"Our beautiful and wonderfully talented Persona cosplay group at Pax East from last weekend â¤ï¸

#AtlusFaithful @Atlus_West https://t.co/50DgsVXb6C"
1236030456946188289,Fri Mar 06 20:46:39 +0000 2020,"@gulfkanawut I love you, you did amazing baby"
1236030460213395456,Fri Mar 06 20:46:40 +0000 2020,"@MarshaBlackburn @realDonaldTrump You are soooooooooo beautiful Mrs. Blackburn,  I love you!!!!"
1236030465032609792,Fri Mar 06 20:46:41 +0000 2020,Okayy are we blessed or are we blessed?
1236030469017227264,Fri Mar 06 20:46:42 +0000 2020,Birthdays in Zim with a birthday cake in the middle and couple these around it &gt;&gt;&gt;&gt;&gt; I really miss my childhood https://t.co/fGMz5rvnWL
1236030473618558976,Fri Mar 06 20:46:43 +0000 2020,what a country Ireland is it's 7 degrees out and people are saying â€beer garden weatherâ€ hahaha imagine it was 7 degrees in Dubai or Egypt there be cunts walking around in Eskimo suits chilling out in igloos hahaha
1236030481227014144,Fri Mar 06 20:46:45 +0000 2020,@charlidamelio i love u baby â™¡
1236030493591654400,Fri Mar 06 20:46:48 +0000 2020,"Who is More Beautiful in punjab Actress 2020?

Gorgeous Ladies 2020?
ğŸ”¥ğŸ”¥ğŸ”¥

RT #HimanshiKhurrana
Like #ShehnaazGill

#HoliWithSidNaaz #ILoveSana #WeStandByYouSana
#SidNaaz #AsiManshi
#ShehnaazGiII #HimanshiKhurrana
#ShehnaazKiShaadi
#MereAngneMein2 
@shehnazshines @realhimanshi https://t.co/OPbwlNO6sg"
1236030494074195974,Fri Mar 06 20:46:48 +0000 2020,@sierradeaton @sunseeds beauty beauty beauty
1236030506778624001,Fri Mar 06 20:46:51 +0000 2020,Told These international artists I met that I create art for Wizkid and they already want to work with me without even looking at the works I have done . The name really speaks for itself
1236030532422479872,Fri Mar 06 20:46:57 +0000 2020,Iâ€™ve really worked so hard.. Iâ€™m so blessed and thankful
1236030548855975937,Fri Mar 06 20:47:01 +0000 2020,@meep_moop_ @AllOurBeloved Beautiful. Love this pic. ğŸ’›ğŸŒ»
1236030565796556800,Fri Mar 06 20:47:05 +0000 2020,baby bakugou rejecting the endeavor doll is so fucking funny https://t.co/K9GxVBqOZb
1236030569240244224,Fri Mar 06 20:47:06 +0000 2020,"Almost as impressive as the cake pops, here's a living display showing off #OriTheGame's beautiful art style https://t.co/U1mE6nqKBS"
1236030583051960320,Fri Mar 06 20:47:09 +0000 2020,SINCE EVERYBODY LOVES HER THIS IS HER BEING BABY AND GETTING COMFORTABLE SO SHE CAN NAP SHE REFUSES TO SLEEP IF ITS NOT NEXT TO OR ON ME https://t.co/YBoXrtbjtd
1236030595014287360,Fri Mar 06 20:47:12 +0000 2020,@LaChinaRobinson I love you! :) You're beautiful! :)
1236030603138682880,Fri Mar 06 20:47:14 +0000 2020,love the art style as well
1236030615906115585,Fri Mar 06 20:47:17 +0000 2020,"This is a beautiful song, their voices are amazing. I love It!!! ğŸ’œğŸ’—
@BTS_twt

#WhoIsON
#lauvxbts

https://t.co/C7j0tdjOlb"
1236030628753219585,Fri Mar 06 20:47:20 +0000 2020,Watching JOKER again and celebrating the highest-grossing R-rated film of all-time. https://t.co/MZXGmxOA7C
1236030632863686657,Fri Mar 06 20:47:21 +0000 2020,Kiss the baby! ğŸ˜­ğŸ˜­ğŸ˜­ğŸ˜­
1236030636923600896,Fri Mar 06 20:47:22 +0000 2020,ğŸš¨ğŸš¨ğŸš¨Bang this shit in ya speakers ğŸ”Š PULSE BEAM (Feat. D.R.E COLOMBIAN RAW) by MEPH LUCIANO #np on #SoundCloudğŸš¨ğŸš¨ğŸš¨ https://t.co/4aBKDbLPaf
1236030640056909824,Fri Mar 06 20:47:23 +0000 2020,â€œcosmo &amp; wandaâ€ | 8x8in acrylic fluid art on wooden canvas with glitter | $22.00 | add + $4 for shipping! | LINK IN BIO OR DM TO PURCHASE ğŸ’š https://t.co/iGEKh9HpAi
1236030641029832704,Fri Mar 06 20:47:23 +0000 2020,"Beautiful snap of two hands coming  together ğŸ’—ğŸ’—ğŸ’—That's what's called feelingsğŸ˜ğŸ˜Aww I'm falling in love again!!! 

. @realumarriaz has got such beautiful veins running through his wrists &amp; @realhimanshi has such beautiful nails awwwwwwğŸ™ˆğŸ™ˆ https://t.co/D1Ft8KGSg4"
1236030645383704580,Fri Mar 06 20:47:24 +0000 2020,@kookaineaddict_ Adorable representative mc for youth ğŸ˜­
1236030649154355202,Fri Mar 06 20:47:25 +0000 2020,@ecambage I love you! :) You're beautiful! :)
1236030674257276929,Fri Mar 06 20:47:31 +0000 2020,"@cov_Gretchen We are talking about a minimum of 20 MILLION illegals currently in America!
No way they should receive amnesty! 
Every RED state in the country would turn BLUE if amnesty is given!"
1236030686345277450,Fri Mar 06 20:47:34 +0000 2020,"#sciencetwitter, is there anything mote beautiful the freshly cut parafilm? We will use these strips to secure our #leafcutterant colonies we collect in the field. #beautiful #blessed #FieldworkFriday https://t.co/hITA02VaAW"
1236030703399247874,Fri Mar 06 20:47:38 +0000 2020,@snowbsouls he's whipped but shows it so diffrently from others ppl i stan and tine omg adorable dumbass i love him
1236030703801942019,Fri Mar 06 20:47:38 +0000 2020,@warrqn Mums if you gift me the french one I will buss anything
1236030741105999873,Fri Mar 06 20:47:47 +0000 2020,"Hey all! @thewightknightt  and I collaborated in the #GoodOmensBigBang2019, an event where artists and writers in the fandom create a huge influx of illustrated stories! Link to our story and art masterpost is here: https://t.co/8oTuDXdEKT (1/?) https://t.co/w5pZNRH7sW"
1236030757807808513,Fri Mar 06 20:47:51 +0000 2020,@jaeminkooks UR SO BEAUTIFUL I LOVE U SO MUCH
1236030787436322816,Fri Mar 06 20:47:58 +0000 2020,a baby with a baby https://t.co/sGHMmsaJpy
1236030787553763334,Fri Mar 06 20:47:58 +0000 2020,tzuyuâ€™s my baby i love her so much
1236030817027215360,Fri Mar 06 20:48:05 +0000 2020,The only thing that matters is that you know that youâ€™re beautiful &amp; gorgeous â£ï¸
1236030821028581381,Fri Mar 06 20:48:06 +0000 2020,"@rabbit_bard she's the prettiest, sweetest baby in the entire world and i love her so much!"
1236030825294069761,Fri Mar 06 20:48:07 +0000 2020,What a beautiful baby ğŸ’œğŸ’œ
1236030850103418880,Fri Mar 06 20:48:13 +0000 2020,Who the fuck is calling this beautiful child ugly https://t.co/1ZtfD7XpYJ
1236030858643070978,Fri Mar 06 20:48:15 +0000 2020,"As much as I think JhenÃ© Aiko is beautiful and has a great voice, I just CANNOT get into her music"
1236030862422167554,Fri Mar 06 20:48:16 +0000 2020,@LederGames @PatiHyun It's beautiful and I love @PatiHyun https://t.co/fAfgpgymCO
1236030871783772165,Fri Mar 06 20:48:18 +0000 2020,YO 15 minutes !!!!! @Lauren_Alaina the world is ab to be blessed with badass music!!!! ğŸ”¥
1236030883062308866,Fri Mar 06 20:48:21 +0000 2020,@thespacenico this is daisy!! sheâ€™s my baby and i love her ğŸ¥º https://t.co/NqWFoImuLJ
1236030884500799488,Fri Mar 06 20:48:21 +0000 2020,@RebelTaxi But @RebelTaxi I will follow on the sec you make one. I always love your art. Please keep going what you want to do.
1236030888053530624,Fri Mar 06 20:48:22 +0000 2020,My daughter is now registered @Target for baby shower ğŸ’•ğŸ’•
1236030896244961282,Fri Mar 06 20:48:24 +0000 2020,BABY BOY YOU STAY ON MY MIND FULFILL MY FANTASYYY
1236030934438293505,Fri Mar 06 20:48:33 +0000 2020,@Wolfe_Mist thats adorable and silly..i love it
1236030943275646977,Fri Mar 06 20:48:35 +0000 2020,"Hello beautiful people ğŸŒˆ

Have you checked out my hair page yet? Give me a follow at @hairby_brooklynn on Instagram 

Maybe we can create some magic together ğŸ’«"
1236030951592951810,Fri Mar 06 20:48:37 +0000 2020,Haaapy MF'n BIRTHDAAAY my looove! ğŸ‰ğŸ¥°
1236030959646117893,Fri Mar 06 20:48:39 +0000 2020,@geemilfin I love you beautiful ğŸ¥°ğŸ¥°ğŸ¥°ğŸ¥°ğŸ¥°
1236030963655815168,Fri Mar 06 20:48:40 +0000 2020,Ok listen. Iâ€™m openly admitting I have been big time sleeping on Lil Baby. It started with his Budden interview..I was very impressed. Very well spoken and he really a rap enthusiast.. And then this? Yup. Iâ€™m up. Ima ride the Lil Baby wave.
1236030985201946624,Fri Mar 06 20:48:45 +0000 2020,ğŸ“¹ https://t.co/gQJfojuzAvÂ Â  A smile presenting a baby prosthetic doll. https://t.co/1YgDAsOSWc
1236031014704754690,Fri Mar 06 20:48:52 +0000 2020,"I have no idea who that is, but wow, I love art"
1236031018554949632,Fri Mar 06 20:48:53 +0000 2020,"Be right back, watching these kiddos on repeat ğŸ˜­
Thank you to Ms. Campbell for sharing this adorable video of her students dancing along with a video of our skating! SO MUCH JOY! https://t.co/FuPJnI1c1N"
1236031031712591874,Fri Mar 06 20:48:56 +0000 2020,"these jerseys, off the south beach colorway, kind of fire"
1236031034971394048,Fri Mar 06 20:48:57 +0000 2020,"lost dogz or fuck off baby ğŸ¶ğŸ’¯

@eazybakedbeats getting down to @MilanoBeats at okeechobee. we love to see it https://t.co/NqJbCCyVU5"
1236031035265212416,Fri Mar 06 20:48:57 +0000 2020,"@thekatiestevens @TheBoldTypeTV What a beautiful and emotional scene ğŸ˜¢ â¤
I love that Ryan is there to support Jane every step of her journey! No matter how difficult it's gonna be #Janestripe #TheBoldType @TheBoldTypeTV @thekatiestevens @dan_jeannotte @BoldTypeWriters"
1236031039245561856,Fri Mar 06 20:48:58 +0000 2020,@SosukeSantana Those flaws make you beautiful!!! Keep smiling handsome.
1236031039472119808,Fri Mar 06 20:48:58 +0000 2020,Love is beautiful https://t.co/ODzYpKw9Kx
1236031051962576896,Fri Mar 06 20:49:01 +0000 2020,@jessailse She looks radiant!! Canâ€™t wait to see the baby!!
1236031061005660163,Fri Mar 06 20:49:03 +0000 2020,"@CapehartJ @Chas10Buttigieg Beautiful story of two men and their inspiring relationship. Love you, @Chas10Buttigieg and @PeteButtigieg. ğŸ’™ğŸ’™"
1236031094283108352,Fri Mar 06 20:49:11 +0000 2020,"#SidharthShukla feels blessed to receive love from elderly fan. See pics
https://t.co/N4TOP71msW"
1236031143805431811,Fri Mar 06 20:49:23 +0000 2020,Only love or the absence of love is the source of any inspiration
1236031156325244928,Fri Mar 06 20:49:26 +0000 2020,"It's my birthday month!
MY ONE AND ONLY BIRTHDAY WISH is for donations to the 
@IMFmyeloma. Many may remember the big charity stream we did last year raising $12k! WELL! The webpage to donate is still up &amp; taking donations with hopes to reach $15k! 
https://t.co/mALxeiFemR ğŸ™ğŸ™ğŸ™"
1236031211904151553,Fri Mar 06 20:49:39 +0000 2020,Animated by Art Babbitt https://t.co/r5pwP0H8xb
1236031220250787840,Fri Mar 06 20:49:41 +0000 2020,"I love Beauty and the Beast, but if you're gonna make a prequel about anyone, why do Monsieur Toxique MasculinitÃ© and his pet when the wardrobe is right there

GIVE US MADAME DE GARDEROBE: THE EARLY DAYS"
1236031252827901952,Fri Mar 06 20:49:49 +0000 2020,Madison Beer at her 21st birthday party https://t.co/062wwIpsQm
1236031341054922752,Fri Mar 06 20:50:10 +0000 2020,All I want to do for spring break is go hike a beautiful trail with the people I love âœ¨
1236031413389914112,Fri Mar 06 20:50:27 +0000 2020,February marks the 19th straight month wages have risen by at least 3%. And workersâ€™ wages are rising even faster than their managersâ€™. @realDonaldTrump is rightâ€”this is a BLUE COLLAR BOOM
1236031437335187456,Fri Mar 06 20:50:33 +0000 2020,"@RhymesRadical @michelle_spenc @RuleChicago @RENEEWEATHERS2 @CherylBlueWave @AceBearstrom @flowersmyworld @oregon_resister @lc1_summit @Wipapa5 @RosannaPhillip @Cdubey_Texas @Gary_ARSC @ConnieG1025 @IamMultiversal @BrendaBalazs @Natgcoh Hi Rad, thanks for the mention and art, have a beautiful day! https://t.co/Wd9giVgZhv"
1236031459254620160,Fri Mar 06 20:50:38 +0000 2020,"Love how he can be EXO BYUN BAEKHYUN on stage but behind all those glams, he is still that byun baekhyun, a mere boy who's silly and precious to his friends. https://t.co/j2iLkvhPcd"
1236031509674385410,Fri Mar 06 20:50:50 +0000 2020,"@chohunkii I love ur art SO MUCH,"
1236031517190770689,Fri Mar 06 20:50:52 +0000 2020,@SalVulcano @mbergs12 @truTVjokers @truTV I thought it was amazingly hilarious ğŸ˜‚ğŸ¥°
1236031546416607232,Fri Mar 06 20:50:59 +0000 2020,"@BroachBorders Gorgeous boy, beautiful photo"
1236031593233485825,Fri Mar 06 20:51:10 +0000 2020,Madison Beer shares a photo of her hot blue birthday outfit to celebrate her 21st birthday! https://t.co/HHpP99XSSL
1236031605438898176,Fri Mar 06 20:51:13 +0000 2020,I laughed at someone buying my ex boo flowers and she asked why was I laughing cuz I shud have been the one that bought them ğŸ˜‚ğŸ¤£ yea ima keep laughing ğŸ˜‚ğŸ¤¦ğŸ½â€â™‚ï¸ğŸ¤·ğŸ½â€â™€ï¸ FOH
1236031656235954176,Fri Mar 06 20:51:25 +0000 2020,@thehill We should just laugh and make fun of people when the do this behavior.  They thrive off the anger.
1236031694626607105,Fri Mar 06 20:51:35 +0000 2020,this is ART. kehlaniâ€™s beauty is unmatched. https://t.co/tyzP0DJ2Yc
1236031700494430210,Fri Mar 06 20:51:36 +0000 2020,Amazing art work from Reception for our world book week book- Window! The children have loved adding their own touches to create what they would like to see out of the Window! ğŸ–¼ğŸ¨ #youngartists #collage #eyfs @sandalps https://t.co/a1rfWVfAsU
1236031811895078912,Fri Mar 06 20:52:02 +0000 2020,@GRlDBALL || I love this boy so much omg ğŸ’—ğŸ’•ğŸ’• thank YOU for the delight to my eyes
1236031836893130753,Fri Mar 06 20:52:08 +0000 2020,"LOOOL, I love how people twist a story and put the blame on others and then they get trapped in their own plan. Carry on love, we know what games you played. ğŸ‘ğŸ»"
1236031882497646592,Fri Mar 06 20:52:19 +0000 2020,@suhsaraa thanks so much love bugğŸ¥ºğŸ–¤ i love you tooğŸ¥°
1236032033262100481,Fri Mar 06 20:52:55 +0000 2020,"The ""Beauty and the Beast"" music video was released 3 years ago today the video has earned over 200 MILLION views"
1236032121761751040,Fri Mar 06 20:53:16 +0000 2020,"@Pebblitah yassss, i love me a baby face boy! lol"
1236032122130968577,Fri Mar 06 20:53:16 +0000 2020,"@42taichan I had more to do with availability, and Jonathan wasn't my cup of tea in the looks department but(t) I absolutely love me some insanely buffed boys and bloody Shonen fights and I'm glad Netflix pushed me into watching!"
1236032146323714049,Fri Mar 06 20:53:22 +0000 2020,"Amusing train ride home...

Conductor accidentally pressed the microphone... and we heard his (not very nice conversation) about a passenger and her little baby.

Train travel at its kindest...  ğŸ™„"
1236032171523137541,Fri Mar 06 20:53:28 +0000 2020,@SteveYoungQB Love you and Barb.  Love.
1236032179349618688,Fri Mar 06 20:53:30 +0000 2020,"I love how broken Overwatch Total Mayhem is. It is my go-to mode, because it means I can continually hack away Doomfist's fun. https://t.co/Eys3m2NW8t"
1236032209263431682,Fri Mar 06 20:53:37 +0000 2020,@harrietbrn Well said ğŸ‘. ğŸ•. Love Thfc &amp; Pizza. Feck Enic... COYS ğŸ“. also luv chicken as well..â™¯ Love spurs pizza.
1236032210261512192,Fri Mar 06 20:53:37 +0000 2020,@bybrianbyrne @nowthisnews @BTS_twt @USBTSARMY Here another birthday projet charity made by @KIMTAEHYUNGBAR_ https://t.co/V1CNW8sNGa
1236032230482296832,Fri Mar 06 20:53:42 +0000 2020,Blessed with A Baby Boy â¤ï¸ğŸ˜
1236032566496391168,Fri Mar 06 20:55:02 +0000 2020,@VLEXXXGALINDO He just looks like baby G! Beautiful boy!!
1236032570934136832,Fri Mar 06 20:55:03 +0000 2020,The abandoned child who became a charity head #MyNetwork https://t.co/gxak9gh4Cf
1236032607521050624,Fri Mar 06 20:55:12 +0000 2020,"I love this woman. And I can't figure out for the life of me why everyone else doesn't love her, too."
1236032675640520704,Fri Mar 06 20:55:28 +0000 2020,"Do we look like we are having fun or what? I had blast with these adorable 2nd grades in Ms. Huyhnâ€™s at @PomonaUnified @MadisonPUSD! We read, sang, discussed, shared, and celebrated #Dr.Seussâ€™ birthday through story-telling! https://t.co/EVEzGgDj0o"
1236032704161796097,Fri Mar 06 20:55:35 +0000 2020,A few mommas in my due date/month group have gone into pre-term labour and their babies are so beautiful! Still fighting and thriving. These are babies born from 24 weeks +. Iâ€™m 27 weeks now and itâ€™s just both crazy and beautiful. Wow ğŸ˜­ğŸ˜­ğŸ™ŒğŸ½
1236032977894699008,Fri Mar 06 20:56:40 +0000 2020,"It's too bad that you want to be someone else. You don't see your own face, your own beauty.
Yet, no face is more beautiful than yours."
1236033178730672128,Fri Mar 06 20:57:28 +0000 2020,I am in love. I'm living happily ever after with this stupid asshole.
1236033204546650117,Fri Mar 06 20:57:35 +0000 2020,"I'm married to the most beautiful woman &amp; I have the most beautiful baby boy, I fucking love this family ğŸ’â¤ï¸ğŸ’â¤ï¸"
1236033228470988801,Fri Mar 06 20:57:40 +0000 2020,@jorgeleedotcom I can't believe this! I used to watch the sweets man and fascinated by the shapes made!!! Thanks for reminding me of this beautiful memory from my childhood!
1236033467298742279,Fri Mar 06 20:58:37 +0000 2020,"NO !! She's celebrating her success at the cost of her Murdered baby's life. 
A 15 year old will make mistakes.
But this so called Mom shows no remorse. 
Abortion kills more than a baby."
1236033513578803202,Fri Mar 06 20:58:48 +0000 2020,"Okay sorry in advance because I'm gonna sound REALLY horny in a sec.

Okay. This is like, literally the hottest thing ever. Do you see this? Are you watching this right now? Can you see how absolutely fricking DELICIOUS that cock looks right now? How smooth that sack looks?-- https://t.co/Wivzfga0mA"
1236033539658977280,Fri Mar 06 20:58:54 +0000 2020,i belong in a bikini laying on the beach w a white claw in both hands rn
1236033564623462400,Fri Mar 06 20:59:00 +0000 2020,What a bummer. I'm glad that they could still make it feel special! Manhattan teen under quarantine has â€˜virtual bar mitzvahâ€™ https://t.co/pPlLBcngSv via @WSJ
1236033681627717633,Fri Mar 06 20:59:28 +0000 2020,why do i love beauty and the beast so much
1236033745196638221,Fri Mar 06 20:59:43 +0000 2020,I thought this was Kash Doll at first. Must be her sister Debit Doll
1236033824171180033,Fri Mar 06 21:00:02 +0000 2020,"â€œWe love them, theyâ€™re special people."" https://t.co/nPCOPL3yrS"
1236033866474942466,Fri Mar 06 21:00:12 +0000 2020,OMG WHY DID I READ THAT WITH THE SWEETEST BABY VOICE EVER IM CRYING ğŸ˜­ğŸ˜­ğŸ˜­ğŸ˜­ i love k-army so much
1236034041977040897,Fri Mar 06 21:00:54 +0000 2020,"What a Birthday surprise,ğŸŠğŸ˜­â™¥ï¸
Indeed this is my bestest Birthday!!!ğŸ™ˆğŸŠ
My HappinessğŸ“ˆğŸ“ˆğŸ’¯ğŸ’¯ğŸ’ƒğŸ’ƒ
#ForeverWithAsim"
1236034106028367872,Fri Mar 06 21:01:09 +0000 2020,I love every single one of the #KrunayFam sm for the love and support they gave to me in my bad mood.. those messages are always keeping me up and stay strong. Love you â™¥ï¸
1236034130560811008,Fri Mar 06 21:01:15 +0000 2020,I love every single one of the #KrunayFam sm for the love and support they gave to me in my bad mood.. those messages are always keeping me up and stay strong. Love you â™¥ï¸
1236034176324956160,Fri Mar 06 21:01:26 +0000 2020,"There Are Lights,
And There Are Darkness's Too""

To Me. . . .,
You're One Of The Light
The Light Of All Light's

Beautify My Surroundings
That Lighted With Ur Love'....,,!!
                          ___ #azrach 

ğŸ¥ğŸ”‰ğŸ”Š
ğŸ“¸ #azrach66 ğŸ“¸ https://t.co/n3Kh0O1HzH"
1236034198131048459,Fri Mar 06 21:01:31 +0000 2020,"@goateetiger Thatâ€™s adorable, love dippers ! ğŸ¥°"
1236034202463805443,Fri Mar 06 21:01:32 +0000 2020,@SpecialBreed8 Sincerely these love guests are something else... Last week when aunty decided to give Kachi heart attack nobody was hugging my bro ooo... anyway iyke ex no reach Theresa beauty and elegant jawe but what they say old flames.......
1236034311431704576,Fri Mar 06 21:01:58 +0000 2020,Do not disobey Allah for the sake of somone you love because the heart of the one you love is in the control of the ONE you disobey.
1236034411281424384,Fri Mar 06 21:02:22 +0000 2020,if you had a baby... you have a mom bod. regardless as if ur skinny or bigger. if you had a baby you have a mom bod so stop making girls who are skinner feel bad for saying they have a mom bod.
1236034550549143553,Fri Mar 06 21:02:55 +0000 2020,I love #PutALittleLoveOnMe and I love Niall and I'm gonna love #HeartbreakWeather so hard.
1236034633806098434,Fri Mar 06 21:03:15 +0000 2020,"sometimes i love mk twitter for making me laugh, today i read a dude in a very mature argument saying he's glad that kollector is not flat ironed in his face like edenians"
1236034771580485632,Fri Mar 06 21:03:48 +0000 2020,"I have absolutelyno idea who she was, but seeing you all broken-hearted let me know enough about who Ria was, and thats a beautiful soul. I am so deeply sorry for everyone who knew and love her. My thoughts are with her friends and family â™¥ï¸ #RipKatyCatRia"
1236034839742160902,Fri Mar 06 21:04:04 +0000 2020,@robbieglover I love wearing Chanel and I'm wearing a new one called Libre ğŸ‘ For a guy I love Creed - Aventus it's bloody gorgeous â¤ï¸ Back in the day if a guy wore Jazz I could follow him around all day I absolutely loved it ğŸ˜‰ğŸ˜‚
1236034919425597440,Fri Mar 06 21:04:23 +0000 2020,"Really ğŸ˜ğŸ˜ğŸ˜
OMG @TonyKakkar you are a gem person, you didnâ€™t cheat on us. We love you a lot &amp; please make sure her song should be rocking. 
[Pump accha karti hoon meh pata hein]
#ShehnaazGill 
#MujhseShaadiKaroge"
